role,model,n_train,n_test,RMSE,MAE,R2
Defender,LassoCV,12717,3180,4.582931832852308,3.6904426763980784,-0.010507514369359372
Forward,LassoCV,8666,2167,8.15150987714031,6.708085688908804,-0.02005866164571568
Midfielder,LassoCV,14388,3598,6.594860077296828,5.3324185998627955,0.004584606198981933
