role,RMSE,MAE,R2,n_train,n_test
Defender,0.06889369382234795,0.0320983368218315,0.9895022972606714,12717,3180
Forward,0.5387206306283061,0.10515036583492883,0.8922027744914663,8666,2167
Midfielder,0.185553579184967,0.0716112952402904,0.9681957337722621,14388,3598
